"state","month","year","area","st","occ_code","occ_title","tot_emp","emp_prse","jobs_1000","loc quotient","h_mean","a_mean","mean_prse","h_pct10","h_pct25","h_median","h_pct75","h_pct90","a_pct10","a_pct25","a_median","a_pct75","a_pct90","annual","hourly","loc_q","occ_group","latitude","longitude"
"Alabama",5,"2014","01","AL","11-1011","Chief Executives","1080","4.8","0.57999999999999996",,"97.67","203150","2.5","52.05","67.58","#","#","#","108270","140570","#","#","#",,,"0.32","detailed",32.806671,-86.79113
"Alabama",5,"2011","01","AL","11-1011","Chief Executives","1530","8.9","0.84699999999999998",,"85.87","178610","2.9","41.06","54.07","79.13","#","#","85410","112460","164590","#","#",,,"0.41",,32.806671,-86.79113
"Alabama",5,"2012","01","AL","11-1011","Chief Executives","1330","10","0.72699999999999998",,"86.38","179680","2.7","41.61","54.34","80.98","#","#","86540","113020","168450","#","#",,,"0.37","detailed",32.806671,-86.79113
"Alabama",5,"2013","01","AL","11-1011","Chief Executives","1300","11.1","0.70499999999999996",,"88.34","183750","3.2","42.28","56.63","83.98","#","#","87940","117790","174690","#","#",,,"0.38","detailed",32.806671,-86.79113
"Alabama",5,"2010","01","AL","11-1011","Chief Executives","1750","4.8","0.97099999999999997","0.45100000000000001","89.14","185420","2.6","41","57.87","#","#","#","85270","120370","#","#","#",,,,,32.806671,-86.79113
"Alabama",5,"2015","01","AL","11-1011","Chief Executives","1100","4.0999999999999996","0.58699999999999997",,"101.21","210530","2.4","52.6","69.78","#","#","#","109410","145150","#","#","#",,,"0.34","detailed",32.806671,-86.79113
"Alabama",5,"2016","01","AL","11-1011","Chief Executives","1030","5.5","0.53800000000000003",,"100.63","209300","2.7","47.26","65.930000000000007","94.59","#","#","98310","137140","196750","#","#",,,"0.34","detailed",32.806671,-86.79113
"Alaska",5,"2014","02","AK","11-1011","Chief Executives","670","3.8","2.0670000000000002",,"80.48","167400","3.4","38.22","52.36","73.89","#","#","79500","108910","153700","#","#",,,"1.1299999999999999","detailed",61.370716,-152.404419
"Alaska",5,"2013","02","AK","11-1011","Chief Executives","530","3.7","1.657",,"83.09","172830","2.5","47.1","55.57","76.400000000000006","#","#","97970","115590","158920","#","#",,,"0.88","detailed",61.370716,-152.404419
"Alaska",5,"2011","02","AK","11-1011","Chief Executives","740","4.3","2.3769999999999998",,"77.34","160870","2.8","45.18","53.62","67.87","#","#","93980","111520","141180","#","#",,,"1.1399999999999999",,61.370716,-152.404419
"Alaska",5,"2010","02","AK","11-1011","Chief Executives","950","5.0999999999999996","3.0960000000000001","1.4390000000000001","74.239999999999995","154410","2.2999999999999998","40.67","51.68","65.78","#","#","84600","107490","136830","#","#",,,,,61.370716,-152.404419
"Alaska",5,"2012","02","AK","11-1011","Chief Executives","600","5.2","1.8740000000000001",,"79.849999999999994","166080","2.5","45.32","53.19","70.86","#","#","94270","110640","147400","#","#",,,"0.95","detailed",61.370716,-152.404419
"Alaska",5,"2016","02","AK","11-1011","Chief Executives","760","5.2","2.3380000000000001",,"80.19","166790","3","36.19","50.61","71.790000000000006","#","#","75270","105270","149330","#","#",,,"1.47","detailed",61.370716,-152.404419
"Alaska",5,"2015","02","AK","11-1011","Chief Executives","800","3.8","2.4300000000000002",,"82.4","171390","3.1","39.159999999999997","54.07","74.09","#","#","81450","112470","154110","#","#",,,"1.4","detailed",61.370716,-152.404419
"Arizona",5,"2014","04","AZ","11-1011","Chief Executives","3250","6.8","1.288",,"79.78","165950","2.2000000000000002","37.56","49.74","72.73","#","#","78130","103470","151270","#","#",,,"0.71","detailed",33.729759,-111.431221
"Arizona",5,"2011","04","AZ","11-1011","Chief Executives","3520","3.5","1.4810000000000001",,"82.82","172270","2.1","35.85","51.77","75.45","#","#","74560","107690","156930","#","#",,,"0.71",,33.729759,-111.431221
"Arizona",5,"2012","04","AZ","11-1011","Chief Executives","4090","5.4","1.6950000000000001",,"78.47","163220","1.9","34.299999999999997","49.08","69.88","#","#","71340","102080","145350","#","#",,,"0.86","detailed",33.729759,-111.431221
"Arizona",5,"2013","04","AZ","11-1011","Chief Executives","3960","5.9","1.6",,"79.16","164660","2","34.950000000000003","49.04","70.989999999999995","#","#","72700","102000","147650","#","#",,,"0.85","detailed",33.729759,-111.431221
"Arizona",5,"2010","04","AZ","11-1011","Chief Executives","3150","3.5","1.3320000000000001","0.61899999999999999","83.76","174230","1.8","41.01","54.97","77.84","#","#","85300","114330","161900","#","#",,,,,33.729759,-111.431221
"Arizona",5,"2015","04","AZ","11-1011","Chief Executives","3730","4.2","1.4410000000000001",,"82.68","171980","2.8","31.04","49.75","77.19","#","#","64560","103480","160550","#","#",,,"0.83","detailed",33.729759,-111.431221
"Arizona",5,"2016","04","AZ","11-1011","Chief Executives","5750","4.2","2.1659999999999999",,"88.75","184600","1.9","36.61","53.87","80.53","#","#","76140","112050","167500","#","#",,,"1.36","detailed",33.729759,-111.431221
"Arkansas",5,"2014","05","AR","11-1011","Chief Executives","2200","3.7","1.895",,"66.69","138710","2.8","20.22","41.71","57.55","89.57","#","42050","86750","119710","186300","#",,,"1.04","detailed",34.969704,-92.373123
"Arkansas",5,"2013","05","AR","11-1011","Chief Executives","2320","3.8","2.0089999999999999",,"68.36","142180","2.2999999999999998","24.95","42.25","57.81","#","#","51890","87890","120250","#","#",,,"1.07","detailed",34.969704,-92.373123
"Arkansas",5,"2011","05","AR","11-1011","Chief Executives","2280","4.0999999999999996","2.004",,"71.22","148140","3.5","36.67","45.96","58.47","#","#","76270","95600","121610","#","#",,,"0.96",,34.969704,-92.373123
"Arkansas",5,"2010","05","AR","11-1011","Chief Executives","2360","4.7","2.077","0.96499999999999997","68.459999999999994","142400","3.7","33.99","44.24","56.32","#","#","70710","92010","117150","#","#",,,,,34.969704,-92.373123
"Arkansas",5,"2012","05","AR","11-1011","Chief Executives","2220","3.8","1.9259999999999999",,"71.16","148020","1.8","36.4","46.39","60.55","#","#","75720","96490","125940","#","#",,,"0.98","detailed",34.969704,-92.373123
"Arkansas",5,"2016","05","AR","11-1011","Chief Executives","2710","3","2.2789999999999999",,"50.06","104130","7.6","12.5","14.77","41.13","67.739999999999995","#","26000","30720","85550","140900","#",,,"1.43","detailed",34.969704,-92.373123
"California",5,"2012","06","CA","11-1011","Chief Executives","28820","2.5","2.0150000000000001",,"94.74","197060","1.2","45.86","63.14","#","#","#","95390","131320","#","#","#",,,"1.03","detailed",36.116203,-119.681564
"California",5,"2014","06","CA","11-1011","Chief Executives","31360","3.2","2.0739999999999998",,"94.79","197160","1","43.06","60","#","#","#","89560","124800","#","#","#",,,"1.1399999999999999","detailed",36.116203,-119.681564
"California",5,"2011","06","CA","11-1011","Chief Executives","30960","2","2.2050000000000001",,"96.65","201030","1.6","48.09","65.150000000000006","#","#","#","100030","135510","#","#","#",,,"1.06",,36.116203,-119.681564
"California",5,"2016","06","CA","11-1011","Chief Executives","31150","2.1","1.9510000000000001",,"104.25","216840","0.9","44.14","65.400000000000006","#","#","#","91800","136030","#","#","#",,,"1.23","detailed",36.116203,-119.681564
"California",5,"2013","06","CA","11-1011","Chief Executives","29320","1.6","1.992",,"92.09","191550","0.7","39.31","59.67","#","#","#","81770","124120","#","#","#",,,"1.06","detailed",36.116203,-119.681564
"California",5,"2010","06","CA","11-1011","Chief Executives","30980","1.6","2.2130000000000001","1.028","95.53","198710","1.4","47.8","65.760000000000005","#","#","#","99420","136790","#","#","#",,,,,36.116203,-119.681564
"California",5,"2015","06","CA","11-1011","Chief Executives","31720","1.9","2.0470000000000002",,"98.18","204220","1","39.14","60.98","#","#","#","81410","126830","#","#","#",,,"1.18","detailed",36.116203,-119.681564
"Colorado",5,"2014","08","CO","11-1011","Chief Executives","1130","6.7","0.47899999999999998",,"94.23","195990","3.8","42.79","58.94","#","#","#","89000","122590","#","#","#",,,"0.26","detailed",39.059811,-105.311104
"Colorado",5,"2012","08","CO","11-1011","Chief Executives","1110","14.7","0.499",,"84.65","176080","4.3","37.54","57.44","75.33","#","#","78090","119470","156690","#","#",,,"0.25","detailed",39.059811,-105.311104
"Colorado",5,"2013","08","CO","11-1011","Chief Executives","1210","13.9","0.52600000000000002",,"81.69","169910","3.8","37.590000000000003","51.8","72","#","#","78180","107740","149750","#","#",,,"0.28000000000000003","detailed",39.059811,-105.311104
"Colorado",5,"2011","08","CO","11-1011","Chief Executives","1210","15","0.55500000000000005",,"80.69","167830","4.4000000000000004","37.869999999999997","51.14","69.430000000000007","#","#","78770","106360","144420","#","#",,,"0.27",,39.059811,-105.311104
"Colorado",5,"2010","08","CO","11-1011","Chief Executives","1390","8.8000000000000007","0.64400000000000002","0.29899999999999999","82.96","172560","3.4","37.479999999999997","47.94","78.23","#","#","77950","99720","162710","#","#",,,,,39.059811,-105.311104
"Colorado",5,"2016","08","CO","11-1011","Chief Executives","880","6.4","0.35099999999999998",,"102.93","214090","4.3","45.7","63.45","#","#","#","95060","131980","#","#","#",,,"0.22","detailed",39.059811,-105.311104
"Colorado",5,"2015","08","CO","11-1011","Chief Executives","1030","5.8","0.41899999999999998",,"95.78","199220","3.6","42.4","58.09","#","#","#","88180","120830","#","#","#",,,"0.24","detailed",39.059811,-105.311104
"Connecticut",5,"2012","09","CT","11-1011","Chief Executives","1780","3.8","1.0960000000000001",,"101","210070","2.1","50.71","70.33","#","#","#","105470","146290","#","#","#",,,"0.56000000000000005","detailed",41.597782,-72.755371
"Connecticut",5,"2014","09","CT","11-1011","Chief Executives","1590","7","0.96399999999999997",,"104.32","216990","3.5","54.74","75.42","#","#","#","113860","156870","#","#","#",,,"0.53","detailed",41.597782,-72.755371
"Connecticut",5,"2011","09","CT","11-1011","Chief Executives","2600","4.2","1.6140000000000001",,"101.19","210480","2.2999999999999998","51.94","73.2","#","#","#","108040","152260","#","#","#",,,"0.77",,41.597782,-72.755371
"Connecticut",5,"2016","09","CT","11-1011","Chief Executives","1410","7.4","0.84799999999999998",,"102.39","212970","4.4000000000000004","32.43","64.709999999999994","#","#","#","67460","134600","#","#","#",,,"0.53","detailed",41.597782,-72.755371
"Connecticut",5,"2013","09","CT","11-1011","Chief Executives","1860","5.8","1.1359999999999999",,"101.85","211850","2.6","52.19","72.760000000000005","#","#","#","108560","151340","#","#","#",,,"0.61","detailed",41.597782,-72.755371
"Connecticut",5,"2010","09","CT","11-1011","Chief Executives","3190","3.5","1.994","0.92700000000000005","96.84","201430","1.6","49.99","68.7","#","#","#","103970","142900","#","#","#",,,,,41.597782,-72.755371
"Connecticut",5,"2015","09","CT","11-1011","Chief Executives","1370","7.8","0.82299999999999995",,"109.35","227440","3.8","57.08","78.8","#","#","#","118720","163900","#","#","#",,,"0.48","detailed",41.597782,-72.755371
"Delaware",5,"2012","10","DE","11-1011","Chief Executives","450","5.5","1.1020000000000001",,"98.54","204950","7.4","65.56","76.069999999999993","89.37","#","#","136360","158220","185880","#","#",,,"0.56000000000000005","detailed",39.318523,-75.507141
"Delaware",5,"2016","10","DE","11-1011","Chief Executives","340","7.2","0.77800000000000002",,"*","*","*","*","*","*","*","*","*","*","*","*","*",,,"0.49","detailed",39.318523,-75.507141
"Delaware",5,"2013","10","DE","11-1011","Chief Executives","420","5.3","1.0109999999999999",,"#","#","*","#","#","#","#","#","#","#","#","#","#",,,"0.54","detailed",39.318523,-75.507141
"Delaware",5,"2014","10","DE","11-1011","Chief Executives","410","6.1","0.96499999999999997",,"*","*","*","*","*","*","*","*","*","*","*","*","*",,,"0.53","detailed",39.318523,-75.507141
"Delaware",5,"2010","10","DE","11-1011","Chief Executives","310","9.3000000000000007","0.78200000000000003","0.36299999999999999","105.4","219230","5.6","55.79","78.64","#","#","#","116040","163580","#","#","#",,,,,39.318523,-75.507141
"Delaware",5,"2015","10","DE","11-1011","Chief Executives","370","6.8","0.84399999999999997",,"*","*","*","*","*","*","*","*","*","*","*","*","*",,,"0.49","detailed",39.318523,-75.507141
"Delaware",5,"2011","10","DE","11-1011","Chief Executives","430","6.1","1.071",,"105.24","218900","7.5","72.38","80.930000000000007","#","#","#","150560","168330","#","#","#",,,"0.51",,39.318523,-75.507141
"District of Columbia",5,"2012","11","DC","11-1011","Chief Executives","5010","6.5","7.665",,"88.93","184980","3.2","42.12","58.55","85.09","#","#","87610","121780","176990","#","#",,,"3.9","detailed",38.897438,-77.026817
"District of Columbia",5,"2011","11","DC","11-1011","Chief Executives","5830","5.9","9.0419999999999998",,"90.79","188840","3","43.29","60.4","86.85","#","#","90040","125620","180640","#","#",,,"4.34",,38.897438,-77.026817
"District of Columbia",5,"2013","11","DC","11-1011","Chief Executives","3680","7.4","5.53",,"88.75","184600","3.1","40.86","59.66","85.1","#","#","84980","124090","177010","#","#",,,"2.95","detailed",38.897438,-77.026817
"District of Columbia",5,"2014","11","DC","11-1011","Chief Executives","3220","6.2","4.7709999999999999",,"87.72","182450","3.5","35.090000000000003","63.36","85.69","#","#","73000","131790","178230","#","#",,,"2.62","detailed",38.897438,-77.026817
"District of Columbia",5,"2010","11","DC","11-1011","Chief Executives","6300","5.3","9.8559999999999999","4.58","89.25","185650","2.6","40.98","61.14","#","#","#","85240","127170","#","#","#",,,,,38.897438,-77.026817
"District of Columbia",5,"2016","11","DC","11-1011","Chief Executives","2840","8.5","4.0490000000000004",,"101.87","211900","4.7","51.65","74.34","95.41","#","#","107420","154620","198450","#","#",,,"2.5499999999999998","detailed",38.897438,-77.026817
"District of Columbia",5,"2015","11","DC","11-1011","Chief Executives","3110","7.2","4.5940000000000003",,"94.03","195580","3.7","36.270000000000003","66.34","89.6","#","#","75430","137980","186370","#","#",,,"2.65","detailed",38.897438,-77.026817
"Florida",5,"2013","12","FL","11-1011","Chief Executives","12440","2.9","1.67",,"94.33","196200","1.1000000000000001","44.34","63.27","#","#","#","92230","131610","#","#","#",,,"0.89","detailed",27.766279,-81.686783
"Florida",5,"2012","12","FL","11-1011","Chief Executives","12610","2.6","1.7330000000000001",,"93.29","194050","1.1000000000000001","43.91","62.15","#","#","#","91340","129280","#","#","#",,,"0.88","detailed",27.766279,-81.686783
"Florida",5,"2016","12","FL","11-1011","Chief Executives","14120","2.8","1.7170000000000001",,"102.15","212460","1.4","43.04","61.45","99.52","#","#","89510","127820","207000","#","#",,,"1.08","detailed",27.766279,-81.686783
"Florida",5,"2011","12","FL","11-1011","Chief Executives","14830","2.2999999999999998","2.0739999999999998",,"90.37","187970","1.2","41.12","57.53","87.7","#","#","85520","119670","182410","#","#",,,"0.99",,27.766279,-81.686783
"Florida",5,"2010","12","FL","11-1011","Chief Executives","16050","2.8","2.2589999999999999","1.05","88.17","183390","1.4","41.15","57.05","#","#","#","85590","118670","#","#","#",,,,,27.766279,-81.686783
"Florida",5,"2015","12","FL","11-1011","Chief Executives","13970","2.4","1.7629999999999999",,"97.26","202300","1.3","42.62","60.62","#","#","#","88650","126080","#","#","#",,,"1.02","detailed",27.766279,-81.686783
"Florida",5,"2014","12","FL","11-1011","Chief Executives","13080","3.1","1.706",,"94.21","195950","1.3","42.57","61.45","#","#","#","88540","127810","#","#","#",,,"0.94","detailed",27.766279,-81.686783
"Georgia",5,"2015","13","GA","11-1011","Chief Executives","8710","4","2.1190000000000002",,"89.17","185480","2.1","26.35","51.32","87.2","#","#","54800","106750","181380","#","#",,,"1.22","detailed",33.040619,-83.643074
"Georgia",5,"2016","13","GA","11-1011","Chief Executives","6750","3.6","1.6",,"102.4","212990","1.8","43.33","64.569999999999993","99.14","#","#","90130","134310","206210","#","#",,,"1.01","detailed",33.040619,-83.643074
"Georgia",5,"2010","13","GA","11-1011","Chief Executives","14110","2.4","3.7690000000000001","1.7509999999999999","83.27","173210","1.2","37.28","52.64","78.56","#","#","77540","109500","163410","#","#",,,,,33.040619,-83.643074
"Georgia",5,"2013","13","GA","11-1011","Chief Executives","10800","5.3","2.7839999999999998",,"86.91","180780","2","35.61","56.24","85.44","#","#","74070","116980","177720","#","#",,,"1.48","detailed",33.040619,-83.643074
"Georgia",5,"2012","13","GA","11-1011","Chief Executives","10930","4.3","2.8650000000000002",,"88.96","185030","1.7","41.56","59.26","85.39","#","#","86440","123260","177620","#","#",,,"1.46","detailed",33.040619,-83.643074
"Georgia",5,"2011","13","GA","11-1011","Chief Executives","12160","2.5","3.2170000000000001",,"87.2","181370","1.2","39.82","56.04","82.56","#","#","82830","116560","171720","#","#",,,"1.54",,33.040619,-83.643074
"Georgia",5,"2014","13","GA","11-1011","Chief Executives","10320","7.3","2.5920000000000001",,"87.24","181460","3.4","31.85","53.91","86.36","#","#","66240","112130","179630","#","#",,,"1.42","detailed",33.040619,-83.643074
"Hawaii",5,"2014","15","HI","11-1011","Chief Executives","1970","4.7","3.2149999999999999",,"73.34","152550","2.6","29.43","42.6","66.08","#","#","61220","88600","137450","#","#",,,"1.76","detailed",21.094318,-157.498337
"Hawaii",5,"2013","15","HI","11-1011","Chief Executives","1940","4.3","3.2250000000000001",,"69.56","144680","3.3","28.87","41.63","62.78","#","#","60060","86580","130570","#","#",,,"1.72","detailed",21.094318,-157.498337
"Hawaii",5,"2011","15","HI","11-1011","Chief Executives","1480","4.4000000000000004","2.56",,"72.17","150120","5.0999999999999996","28.98","45.43","64.87","#","#","60280","94490","134930","#","#",,,"1.23",,21.094318,-157.498337
"Hawaii",5,"2012","15","HI","11-1011","Chief Executives","1710","4.3","2.911",,"69.709999999999994","144990","4.4000000000000004","27.27","42.06","63.05","#","#","56710","87490","131140","#","#",,,"1.48","detailed",21.094318,-157.498337
"Hawaii",5,"2015","15","HI","11-1011","Chief Executives","2080","4.7","3.3610000000000002",,"76.38","158870","2.9","31.57","44.2","66.92","#","#","65660","91930","139200","#","#",,,"1.94","detailed",21.094318,-157.498337
"Hawaii",5,"2016","15","HI","11-1011","Chief Executives","1840","5.3","2.9180000000000001",,"84.04","174800","3","33.9","48.36","74.459999999999994","#","#","70510","100600","154880","#","#",,,"1.84","detailed",21.094318,-157.498337
"Hawaii",5,"2010","15","HI","11-1011","Chief Executives","1220","4.8","2.1349999999999998","0.99199999999999999","81.27","169040","2.2999999999999998","41.85","53.72","73.83","#","#","87060","111740","153580","#","#",,,,,21.094318,-157.498337
"Idaho",5,"2013","16","ID","11-1011","Chief Executives","570","6.5","0.92400000000000004",,"58.98","122680","3.7","9.24","31","51.43","81.790000000000006","#","19210","64470","106980","170120","#",,,"0.49","detailed",44.240459,-114.478828
"Idaho",5,"2012","16","ID","11-1011","Chief Executives","430","7.7","0.72199999999999998",,"63.36","131800","4.8","11.47","31.22","53.59","#","#","23860","64940","111470","#","#",,,"0.37","detailed",44.240459,-114.478828
"Idaho",5,"2011","16","ID","11-1011","Chief Executives","560","12","0.95",,"60.81","126490","7.5","9.1300000000000008","31.03","50.8","89.7","#","19000","64540","105670","186570","#",,,"0.46",,44.240459,-114.478828
"Idaho",5,"2015","16","ID","11-1011","Chief Executives","1020","5.8","1.581",,"57.03","118620","4.5","8.73","22.38","46.63","78.52","#","18160","46550","96990","163330","#",,,"0.91","detailed",44.240459,-114.478828
"Idaho",5,"2014","16","ID","11-1011","Chief Executives","700","5.9","1.117",,"59.8","124380","3.7","10.09","32.28","50.91","78.97","#","20990","67150","105900","164260","#",,,"0.61","detailed",44.240459,-114.478828
"Idaho",5,"2010","16","ID","11-1011","Chief Executives","880","9.1999999999999993","1.472","0.68400000000000005","62.64","130290","5.3","10.67","33.65","56.18","#","#","22190","70000","116850","#","#",,,,,44.240459,-114.478828
"Idaho",5,"2016","16","ID","11-1011","Chief Executives","1400","6.7","2.1080000000000001",,"52.98","110190","4.8","8.6999999999999993","18.23","40.479999999999997","71.8","#","18090","37920","84190","149350","#",,,"1.33","detailed",44.240459,-114.478828
"Illinois",5,"2012","17","IL","11-1011","Chief Executives","20980","2.2999999999999998","3.72",,"78.06","162370","1","29.65","46.5","71.69","#","#","61680","96730","149120","#","#",,,"1.89","detailed",40.349457,-88.986137
"Illinois",5,"2013","17","IL","11-1011","Chief Executives","23630","2.6","4.1429999999999998",,"79.34","165020","1.1000000000000001","30.89","46.93","72.459999999999994","#","#","64250","97610","150720","#","#",,,"2.21","detailed",40.349457,-88.986137
"Illinois",5,"2014","17","IL","11-1011","Chief Executives","23460","2.6","4.0679999999999996",,"80.64","167740","1.3","27.97","47.46","75.06","#","#","58180","98710","156120","#","#",,,"2.23","detailed",40.349457,-88.986137
"Illinois",5,"2011","17","IL","11-1011","Chief Executives","20160","2","3.6160000000000001",,"74.45","154850","1.7","28.98","43.87","66.650000000000006","#","#","60280","91240","138630","#","#",,,"1.73",,40.349457,-88.986137
"Illinois",5,"2016","17","IL","11-1011","Chief Executives","17440","2.8","2.9540000000000002",,"91.71","190750","1.5","27.23","53.01","86.52","#","#","56650","110260","179950","#","#",,,"1.86","detailed",40.349457,-88.986137
"Illinois",5,"2015","17","IL","11-1011","Chief Executives","21360","2.8","3.649",,"84.37","175490","1.4","26.8","48.51","77.790000000000006","#","#","55740","100890","161810","#","#",,,"2.11","detailed",40.349457,-88.986137
"Illinois",5,"2010","17","IL","11-1011","Chief Executives","18720","2","3.3860000000000001","1.5740000000000001","74.42","154790","1.7","27.85","44.28","67.98","#","#","57930","92100","141400","#","#",,,,,40.349457,-88.986137
"Indiana",5,"2014","18","IN","11-1011","Chief Executives","4880","2.7","1.679",,"82.67","171950","1.8","30.88","48.14","78.2","#","#","64220","100140","162650","#","#",,,"0.92","detailed",39.849426,-86.258278
"Indiana",5,"2015","18","IN","11-1011","Chief Executives","4900","2.7","1.661",,"79.59","165540","2.2000000000000002","24.99","44.65","72.36","#","#","51980","92880","150500","#","#",,,"0.96","detailed",39.849426,-86.258278
"Indiana",5,"2012","18","IN","11-1011","Chief Executives","4280","3","1.5229999999999999",,"82.82","172270","1.5","37.409999999999997","51.09","76.56","#","#","77810","106260","159250","#","#",,,"0.78","detailed",39.849426,-86.258278
"Indiana",5,"2013","18","IN","11-1011","Chief Executives","4660","2.8","1.633",,"84.3","175350","1.5","36.159999999999997","51.25","79.94","#","#","75210","106590","166270","#","#",,,"0.87","detailed",39.849426,-86.258278
"Indiana",5,"2011","18","IN","11-1011","Chief Executives","3830","3.1","1.389",,"83.91","174540","1.8","39.340000000000003","52.34","77.14","#","#","81830","108860","160440","#","#",,,"0.67",,39.849426,-86.258278
"Indiana",5,"2016","18","IN","11-1011","Chief Executives","4950","2.9","1.655",,"71.95","149660","2","9","34.659999999999997","60.82","#","#","18720","72080","126510","#","#",,,"1.04","detailed",39.849426,-86.258278
"Indiana",5,"2010","18","IN","11-1011","Chief Executives","4010","3.4","1.472","0.68400000000000005","82.26","171110","1.7","38.61","51.61","76.62","#","#","80320","107350","159360","#","#",,,,,39.849426,-86.258278
"Iowa",5,"2013","19","IA","11-1011","Chief Executives","2590","2.8","1.734",,"75.69","157440","2.1","25.42","45.31","69.61","#","#","52870","94240","144790","#","#",,,"0.92","detailed",42.011539,-93.210526
"Iowa",5,"2014","19","IA","11-1011","Chief Executives","2530","3.3","1.669",,"79.2","164740","2.5","23.4","46.91","72.540000000000006","#","#","48680","97570","150890","#","#",,,"0.92","detailed",42.011539,-93.210526
"Iowa",5,"2016","19","IA","11-1011","Chief Executives","2050","3.6","1.333",,"85.06","176920","3","14.67","41.86","77.38","#","#","30510","87070","160960","#","#",,,"0.84","detailed",42.011539,-93.210526
"Iowa",5,"2015","19","IA","11-1011","Chief Executives","2210","4.0999999999999996","1.4490000000000001",,"83.01","172650","2.9","16.149999999999999","46.06","77.37","#","#","33600","95810","160930","#","#",,,"0.84","detailed",42.011539,-93.210526
"Iowa",5,"2012","19","IA","11-1011","Chief Executives","2680","3.1","1.823",,"74.430000000000007","154820","1.8","27.75","46.28","67.72","#","#","57730","96260","140860","#","#",,,"0.93","detailed",42.011539,-93.210526
"Iowa",5,"2010","19","IA","11-1011","Chief Executives","2260","3.5","1.571","0.73","72","149770","2","27.53","45.59","64.13","#","#","57260","94840","133400","#","#",,,,,42.011539,-93.210526
"Iowa",5,"2011","19","IA","11-1011","Chief Executives","2460","3.5","1.698",,"71.760000000000005","149270","2.2000000000000002","26.83","45.24","64.27","#","#","55800","94100","133670","#","#",,,"0.81",,42.011539,-93.210526
"Kansas",5,"2013","20","KS","11-1011","Chief Executives","4500","2.8","3.3679999999999999",,"75.91","157890","1.4","36.08","49.42","68.61","#","#","75040","102790","142710","#","#",,,"1.79","detailed",38.5266,-96.726486
"Kansas",5,"2014","20","KS","11-1011","Chief Executives","4520","2.4","3.327",,"76.11","158310","1.5","35.33","49.35","68.42","#","#","73490","102660","142310","#","#",,,"1.83","detailed",38.5266,-96.726486
"Kansas",5,"2011","20","KS","11-1011","Chief Executives","4400","2.6","3.3660000000000001",,"76.61","159360","1.5","37.18","47.28","67.099999999999994","#","#","77330","98350","139570","#","#",,,"1.62",,38.5266,-96.726486
"Kansas",5,"2016","20","KS","11-1011","Chief Executives","4410","2.6","3.2090000000000001",,"78.790000000000006","163880","2.1","31.02","46.2","67.89","#","#","64520","96100","141210","#","#",,,"2.02","detailed",38.5266,-96.726486
"Kansas",5,"2015","20","KS","11-1011","Chief Executives","4540","2.9","3.3109999999999999",,"78.92","164150","1.8","34.5","48.85","68.930000000000007","#","#","71760","101610","143380","#","#",,,"1.91","detailed",38.5266,-96.726486
"Kansas",5,"2012","20","KS","11-1011","Chief Executives","4330","2.6","3.2749999999999999",,"75.36","156750","1.4","36.270000000000003","47.58","67.22","#","#","75450","98960","139820","#","#",,,"1.67","detailed",38.5266,-96.726486
"Kansas",5,"2010","20","KS","11-1011","Chief Executives","5150","2.6","3.9430000000000001","1.8320000000000001","72.19","150150","1.7","34.840000000000003","44.62","60.73","#","#","72460","92800","126330","#","#",,,,,38.5266,-96.726486
"Kentucky",5,"2012","21","KY","11-1011","Chief Executives","3530","3.1","2.0019999999999998",,"73.63","153140","1.7","35.08","48.22","64.95","#","#","72970","100290","135090","#","#",,,"1.02","detailed",37.66814,-84.670067
"Kentucky",5,"2013","21","KY","11-1011","Chief Executives","3480","2.8","1.954",,"78.25","162770","1.3","38.5","50.77","69.55","#","#","80070","105600","144670","#","#",,,"1.04","detailed",37.66814,-84.670067
"Kentucky",5,"2014","21","KY","11-1011","Chief Executives","3470","2.8","1.9179999999999999",,"80.59","167630","1.8","39.11","51.36","70.150000000000006","#","#","81360","106830","145920","#","#",,,"1.05","detailed",37.66814,-84.670067
"Kentucky",5,"2011","21","KY","11-1011","Chief Executives","3800","3.3","2.1930000000000001",,"73.489999999999995","152860","2","33.5","47.61","64.959999999999994","#","#","69680","99020","135110","#","#",,,"1.05",,37.66814,-84.670067
"Kentucky",5,"2016","21","KY","11-1011","Chief Executives","3440","3.7","1.8420000000000001",,"83.41","173490","2.4","40.4","52.61","70.53","#","#","84040","109440","146710","#","#",,,"1.1599999999999999","detailed",37.66814,-84.670067
"Kentucky",5,"2015","21","KY","11-1011","Chief Executives","3530","3.2","1.919",,"81.92","170390","2.4","39.75","51.28","69.959999999999994","#","#","82670","106660","145510","#","#",,,"1.1100000000000001","detailed",37.66814,-84.670067
"Kentucky",5,"2010","21","KY","11-1011","Chief Executives","3970","3.7","2.3159999999999998","1.0760000000000001","71.69","149110","1.9","32.75","45.73","63.13","#","#","68120","95120","131310","#","#",,,,,37.66814,-84.670067
"Louisiana",5,"2014","22","LA","11-1011","Chief Executives","1010","6.8","0.52700000000000002",,"85.39","177620","3.6","31.65","52.87","78.56","#","#","65830","109970","163400","#","#",,,"0.28999999999999998","detailed",31.169546,-91.867805
"Louisiana",5,"2015","22","LA","11-1011","Chief Executives","1020","7.4","0.52400000000000002",,"83.77","174230","3.5","31.56","49.61","75.44","#","#","65640","103200","156910","#","#",,,"0.3","detailed",31.169546,-91.867805
"Louisiana",5,"2012","22","LA","11-1011","Chief Executives","770","6.2","0.41099999999999998",,"87.26","181510","3","42.68","57.84","83.87","#","#","88780","120310","174450","#","#",,,"0.21","detailed",31.169546,-91.867805
"Louisiana",5,"2013","22","LA","11-1011","Chief Executives","800","5.7","0.42299999999999999",,"89.55","186270","3.1","39.67","59.36","89.4","#","#","82510","123460","185940","#","#",,,"0.23","detailed",31.169546,-91.867805
"Louisiana",5,"2011","22","LA","11-1011","Chief Executives","710","5.5","0.38300000000000001",,"83.56","173800","3.6","36.950000000000003","53.45","80.2","#","#","76860","111180","166810","#","#",,,"0.18",,31.169546,-91.867805
"Louisiana",5,"2016","22","LA","11-1011","Chief Executives","1010","6.8","0.52600000000000002",,"84.72","176220","3.3","30.06","46.93","75.7","#","#","62530","97620","157470","#","#",,,"0.33","detailed",31.169546,-91.867805
"Louisiana",5,"2010","22","LA","11-1011","Chief Executives","970","5.6","0.52800000000000002","0.245","74.97","155930","2.9","34.520000000000003","46.55","66.819999999999993","#","#","71810","96820","138980","#","#",,,,,31.169546,-91.867805
"Maine",5,"2013","23","ME","11-1011","Chief Executives","1070","4.8","1.837",,"71.569999999999993","148870","2.5","29.96","41.74","59.98","#","#","62320","86830","124760","#","#",,,"0.98","detailed",44.693947,-69.381927
"Maine",5,"2014","23","ME","11-1011","Chief Executives","990","4.5999999999999996","1.681",,"75.180000000000007","156380","2.9","32.5","43.45","62.45","#","#","67590","90370","129900","#","#",,,"0.92","detailed",44.693947,-69.381927
"Maine",5,"2016","23","ME","11-1011","Chief Executives","920","5.4","1.5429999999999999",,"75.83","157730","3.2","30.2","41.95","60.96","#","#","62810","87250","126810","#","#",,,"0.97","detailed",44.693947,-69.381927
"Maine",5,"2015","23","ME","11-1011","Chief Executives","940","5.7","1.595",,"75.75","157560","3.3","29.74","41.42","62.36","#","#","61860","86160","129710","#","#",,,"0.92","detailed",44.693947,-69.381927
"Maine",5,"2012","23","ME","11-1011","Chief Executives","1090","4.5999999999999996","1.869",,"70.38","146400","2.4","31.06","43.09","60.46","#","#","64600","89630","125760","#","#",,,"0.95","detailed",44.693947,-69.381927
"Maine",5,"2010","23","ME","11-1011","Chief Executives","920","4.4000000000000004","1.5980000000000001","0.74299999999999999","67.290000000000006","139960","2.5","31.18","41.63","57.11","#","#","64860","86590","118790","#","#",,,,,44.693947,-69.381927
"Maine",5,"2011","23","ME","11-1011","Chief Executives","1110","4.2","1.927",,"68.349999999999994","142170","2.7","30.82","41.8","58.21","88.01","#","64110","86940","121080","183070","#",,,"0.92",,44.693947,-69.381927
"Maryland",5,"2013","24","MD","11-1011","Chief Executives","2640","5.0999999999999996","1.042",,"90.16","187530","2.7","27.1","54.83","#","#","#","56380","114040","#","#","#",,,"0.56000000000000005","detailed",39.063946,-76.802101
"Maryland",5,"2014","24","MD","11-1011","Chief Executives","2290","4.9000000000000004","0.89600000000000002",,"87.59","182190","2.6","12.85","51.84","#","#","#","26720","107820","#","#","#",,,"0.49","detailed",39.063946,-76.802101
"Maryland",5,"2011","24","MD","11-1011","Chief Executives","3180","8.6","1.28",,"89.78","186740","3","40.299999999999997","58.4","87.74","#","#","83820","121460","182490","#","#",,,"0.61",,39.063946,-76.802101
"Maryland",5,"2016","24","MD","11-1011","Chief Executives","1800","6.1","0.68100000000000005",,"93.33","194130","3.9","12.59","54.56","94.9","#","#","26180","113480","197400","#","#",,,"0.43","detailed",39.063946,-76.802101
"Maryland",5,"2015","24","MD","11-1011","Chief Executives","1810","5.8","0.69899999999999995",,"86.11","179110","3.3","9.09","46.44","89.39","#","#","18910","96590","185940","#","#",,,"0.4","detailed",39.063946,-76.802101
"Maryland",5,"2012","24","MD","11-1011","Chief Executives","2740","4.8","1.0900000000000001",,"91.62","190570","2.5","38.76","59.61","#","#","#","80630","123980","#","#","#",,,"0.56000000000000005","detailed",39.063946,-76.802101
"Maryland",5,"2010","24","MD","11-1011","Chief Executives","3960","3.3","1.6060000000000001","0.746","83","172630","2.2000000000000002","35.229999999999997","53.56","79.430000000000007","#","#","73280","111400","165210","#","#",,,,,39.063946,-76.802101
"Massachusetts",5,"2012","25","MA","11-1011","Chief Executives","12630","2.2000000000000002","3.944",,"94.29","196130","1.1000000000000001","45.28","64.3","#","#","#","94180","133740","#","#","#",,,"2.0099999999999998","detailed",42.230171,-71.530106
"Massachusetts",5,"2013","25","MA","11-1011","Chief Executives","11670","2.1","3.5830000000000002",,"97.1","201970","1","48.86","68.02","#","#","#","101630","141480","#","#","#",,,"1.91","detailed",42.230171,-71.530106
"Massachusetts",5,"2014","25","MA","11-1011","Chief Executives","10780","2.4","3.2450000000000001",,"97.87","203580","1.4","47.99","67.53","#","#","#","99810","140450","#","#","#",,,"1.78","detailed",42.230171,-71.530106
"Massachusetts",5,"2011","25","MA","11-1011","Chief Executives","14720","2.4","4.6619999999999999",,"92.4","192200","1.3","43.15","60.69","#","#","#","89750","126220","#","#","#",,,"2.2400000000000002",,42.230171,-71.530106
"Massachusetts",5,"2016","25","MA","11-1011","Chief Executives","11020","2.6","3.1840000000000002",,"101.92","212000","1.7","43.95","62.81","98.83","#","#","91410","130650","205560","#","#",,,"2","detailed",42.230171,-71.530106
"Massachusetts",5,"2015","25","MA","11-1011","Chief Executives","11640","2.4","3.4279999999999999",,"99.77","207510","1.4","44.73","64.489999999999995","#","#","#","93030","134130","#","#","#",,,"1.98","detailed",42.230171,-71.530106
"Massachusetts",5,"2010","25","MA","11-1011","Chief Executives","15060","2.4","4.8280000000000003","2.2440000000000002","89.51","186190","1.2","39.6","57.14","#","#","#","82360","118850","#","#","#",,,,,42.230171,-71.530106
"Michigan",5,"2012","26","MI","11-1011","Chief Executives","10750","3.3","2.7440000000000002",,"78.31","162880","1.4","33.21","48.53","71.92","#","#","69070","100940","149590","#","#",,,"1.4","detailed",43.326618,-84.536095
"Michigan",5,"2011","26","MI","11-1011","Chief Executives","10260","3.3","2.6789999999999998",,"81.209999999999994","168920","1.6","37.07","50.36","74.3","#","#","77100","104750","154540","#","#",,,"1.29",,43.326618,-84.536095
"Michigan",5,"2014","26","MI","11-1011","Chief Executives","9610","2.1","2.36",,"82.35","171290","1.1000000000000001","34.909999999999997","51.46","74.900000000000006","#","#","72620","107040","155790","#","#",,,"1.29","detailed",43.326618,-84.536095
"Michigan",5,"2013","26","MI","11-1011","Chief Executives","10430","3.4","2.6070000000000002",,"80.11","166640","1.3","33.5","49.9","74.459999999999994","#","#","69670","103800","154870","#","#",,,"1.39","detailed",43.326618,-84.536095
"Michigan",5,"2016","26","MI","11-1011","Chief Executives","6260","2.8","1.4850000000000001",,"88.82","184740","1.4","37.07","52.69","77","#","#","77100","109590","160160","#","#",,,"0.93","detailed",43.326618,-84.536095
"Michigan",5,"2010","26","MI","11-1011","Chief Executives","10130","2.2999999999999998","2.6970000000000001","1.2529999999999999","78.400000000000006","163080","1","34.159999999999997","47.87","71.58","#","#","71050","99570","148890","#","#",,,,,43.326618,-84.536095
"Michigan",5,"2015","26","MI","11-1011","Chief Executives","8120","2.4","1.958",,"87.57","182150","1.3","39.08","54.1","79.12","#","#","81290","112520","164570","#","#",,,"1.1299999999999999","detailed",43.326618,-84.536095
"Minnesota",5,"2016","27","MN","11-1011","Chief Executives","7490","3.4","2.6659999999999999",,"91.38","190070","1.7","37.619999999999997","56.94","82.5","#","#","78250","118440","171600","#","#",,,"1.68","detailed",45.694454,-93.900192
"Minnesota",5,"2013","27","MN","11-1011","Chief Executives","8960","2.6","3.3319999999999999",,"82.94","172520","1.2","37.64","52.98","77.28","#","#","78290","110190","160750","#","#",,,"1.78","detailed",45.694454,-93.900192
"Minnesota",5,"2015","27","MN","11-1011","Chief Executives","8240","3.1","2.9729999999999999",,"86.8","180540","1.5","35.4","55.25","78.83","#","#","73630","114920","163970","#","#",,,"1.72","detailed",45.694454,-93.900192
"Minnesota",5,"2011","27","MN","11-1011","Chief Executives","7490","3.2","2.8879999999999999",,"82.34","171270","1.6","39.11","52.28","75.48","#","#","81340","108740","156990","#","#",,,"1.39",,45.694454,-93.900192
"Minnesota",5,"2014","27","MN","11-1011","Chief Executives","8470","2.5","3.101",,"85.06","176930","1.3","37.04","55.38","79.55","#","#","77040","115200","165470","#","#",,,"1.7","detailed",45.694454,-93.900192
"Minnesota",5,"2012","27","MN","11-1011","Chief Executives","8730","2.9","3.306",,"83.56","173810","1.3","40.06","52.94","77.47","#","#","83320","110110","161140","#","#",,,"1.68","detailed",45.694454,-93.900192
"Minnesota",5,"2010","27","MN","11-1011","Chief Executives","5460","3.2","2.1309999999999998","0.99","82.86","172350","1.4","40.43","53.61","77.599999999999994","#","#","84100","111510","161400","#","#",,,,,45.694454,-93.900192
"Mississippi",5,"2015","28","MS","11-1011","Chief Executives","1050","7.1","0.95299999999999996",,"58.71","122120","5.9","15.11","25.49","46.48","76.069999999999993","#","31440","53010","96680","158220","#",,,"0.55000000000000004","detailed",32.741646,-89.678696
"Mississippi",5,"2014","28","MS","11-1011","Chief Executives","910","6.4","0.83",,"59.96","124730","5.5","16.27","27.07","48.77","81.08","#","33830","56300","101450","168650","#",,,"0.46","detailed",32.741646,-89.678696
"Mississippi",5,"2012","28","MS","11-1011","Chief Executives","1230","3","1.1359999999999999",,"49.87","103730","9.6","22.88","25.92","34.01","62","#","47590","53900","70750","128950","#",,,"0.57999999999999996","detailed",32.741646,-89.678696
"Mississippi",5,"2010","28","MS","11-1011","Chief Executives","1860","3.6","1.736","0.80700000000000005","61.08","127050","7.2","23.72","28","48.41","#","#","49340","58240","100690","#","#",,,,,32.741646,-89.678696
"Mississippi",5,"2013","28","MS","11-1011","Chief Executives","790","6.3","0.72699999999999998",,"63.82","132740","5.2","20.21","34.94","53.04","89.78","#","42050","72670","110320","186750","#",,,"0.39","detailed",32.741646,-89.678696
"Mississippi",5,"2011","28","MS","11-1011","Chief Executives","1430","2.2999999999999998","1.335",,"54.84","114070","8.6","23.17","26.62","39.71","74.489999999999995","#","48200","55360","82590","154930","#",,,"0.64",,32.741646,-89.678696
"Mississippi",5,"2016","28","MS","11-1011","Chief Executives","940","6.5","0.84399999999999997",,"55.93","116330","5.5","12.23","24.09","45.57","69.010000000000005","#","25440","50100","94780","143540","#",,,"0.53","detailed",32.741646,-89.678696
"Missouri",5,"2013","29","MO","11-1011","Chief Executives","7470","3.8","2.83",,"72.31","150400","1.5","27.02","43.43","64.5","#","#","56200","90330","134150","#","#",,,"1.51","detailed",38.456085,-92.288368
"Missouri",5,"2011","29","MO","11-1011","Chief Executives","7200","3.4","2.7789999999999999",,"73.75","153390","1.6","31.1","44.38","65.239999999999995","#","#","64680","92320","135700","#","#",,,"1.33",,38.456085,-92.288368
"Missouri",5,"2014","29","MO","11-1011","Chief Executives","7230","4.5999999999999996","2.706",,"69.19","143910","1.8","17.86","38.43","61.39","#","#","37150","79940","127690","#","#",,,"1.48","detailed",38.456085,-92.288368
"Missouri",5,"2016","29","MO","11-1011","Chief Executives","5180","4.0999999999999996","1.879",,"78.89","164090","1.9","15.51","37.72","69.33","#","#","32260","78450","144210","#","#",,,"1.18","detailed",38.456085,-92.288368
"Missouri",5,"2012","29","MO","11-1011","Chief Executives","7620","3.9","2.9220000000000002",,"74.3","154540","1.3","31.23","44.74","66.16","#","#","64960","93050","137610","#","#",,,"1.49","detailed",38.456085,-92.288368
"Missouri",5,"2015","29","MO","11-1011","Chief Executives","6140","4","2.2629999999999999",,"73.290000000000006","152440","1.8","13.95","36.56","64.05","#","#","29010","76050","133220","#","#",,,"1.31","detailed",38.456085,-92.288368
"Missouri",5,"2010","29","MO","11-1011","Chief Executives","6760","2.7","2.613","1.214","72.88","151580","2.2000000000000002","30.41","43.91","64.97","#","#","63250","91330","135140","#","#",,,,,38.456085,-92.288368
"Montana",5,"2016","30","MT","11-1011","Chief Executives","600","6.7","1.3140000000000001",,"61.5","127930","4.0999999999999996","20.25","32.57","52.18","78.73","#","42130","67760","108540","163750","#",,,"0.83","detailed",46.921925,-110.454353
"Montana",5,"2014","30","MT","11-1011","Chief Executives","660","6.4","1.488",,"55.53","115510","4","14.73","28.05","47.95","74.260000000000005","#","30640","58350","99730","154460","#",,,"0.82","detailed",46.921925,-110.454353
"Montana",5,"2011","30","MT","11-1011","Chief Executives","820","5.5","1.9319999999999999",,"50.39","104800","3.8","17.73","28.56","38.49","61.18","#","36870","59390","80060","127260","#",,,"0.93",,46.921925,-110.454353
"Montana",5,"2012","30","MT","11-1011","Chief Executives","690","6.9","1.6",,"54.53","113430","4.0999999999999996","15.5","29.26","45.25","72.510000000000005","#","32230","60870","94120","150830","#",,,"0.81","detailed",46.921925,-110.454353
"Montana",5,"2013","30","MT","11-1011","Chief Executives","570","6.4","1.302",,"54.32","112980","4","18.809999999999999","27.98","46.44","72.7","#","39130","58200","96600","151210","#",,,"0.69","detailed",46.921925,-110.454353
"Montana",5,"2010","30","MT","11-1011","Chief Executives","970","6.5","2.29","1.0640000000000001","49","101930","3.9","17.399999999999999","26.51","37.6","61.3","#","36190","55140","78210","127500","#",,,,,46.921925,-110.454353
"Montana",5,"2015","30","MT","11-1011","Chief Executives","600","6","1.343",,"58.53","121740","4.0999999999999996","20.190000000000001","30.22","49.87","74.599999999999994","#","42000","62850","103730","155170","#",,,"0.78","detailed",46.921925,-110.454353
"Nebraska",5,"2014","31","NE","11-1011","Chief Executives","630","4.5999999999999996","0.67100000000000004",,"97.95","203740","3","50","68.2","#","#","#","104000","141850","#","#","#",,,"0.37","detailed",41.12537,-98.268082
"Nebraska",5,"2016","31","NE","11-1011","Chief Executives","690","4.9000000000000004","0.71299999999999997",,"104.81","218010","3.2","45.47","68.569999999999993","#","#","#","94570","142620","#","#","#",,,"0.45","detailed",41.12537,-98.268082
"Nebraska",5,"2010","31","NE","11-1011","Chief Executives","1100","3.6","1.214","0.56399999999999995","84.9","176580","2.5","41.85","56.92","#","#","#","87050","118390","#","#","#",,,,,41.12537,-98.268082
"Nebraska",5,"2013","31","NE","11-1011","Chief Executives","540","4.8","0.58699999999999997",,"93.79","195070","2.7","48.85","65.959999999999994","#","#","#","101600","137210","#","#","#",,,"0.31","detailed",41.12537,-98.268082
"Nebraska",5,"2011","31","NE","11-1011","Chief Executives","660","4.4000000000000004","0.73099999999999998",,"91.45","190210","2.8","47.35","62.37","87.69","#","#","98500","129730","182390","#","#",,,"0.35",,41.12537,-98.268082
"Nebraska",5,"2012","31","NE","11-1011","Chief Executives","570","5.6","0.62",,"92.45","192310","2.8","47.62","63.73","#","#","#","99050","132560","#","#","#",,,"0.32","detailed",41.12537,-98.268082
"Nebraska",5,"2015","31","NE","11-1011","Chief Executives","630","4.7","0.66200000000000003",,"98.9","205710","3.2","47.62","66.7","#","#","#","99040","138730","#","#","#",,,"0.38","detailed",41.12537,-98.268082
"Nevada",5,"2012","32","NV","11-1011","Chief Executives","950","12.1","0.84599999999999997",,"82.24","171050","4.5","33.67","50.59","80.180000000000007","#","#","70030","105230","166780","#","#",,,"0.43","detailed",38.313515,-117.055374
"Nevada",5,"2016","32","NV","11-1011","Chief Executives","1410","12.6","1.109",,"88.28","183610","7.7","35.65","47.16","78.27","#","#","74160","98090","162810","#","#",,,"0.7","detailed",38.313515,-117.055374
"Nevada",5,"2011","32","NV","11-1011","Chief Executives","770","10.4","0.69399999999999995",,"90.48","188210","3.8","37.299999999999997","62.08","88.77","#","#","77580","129120","184650","#","#",,,"0.33",,38.313515,-117.055374
"Nevada",5,"2014","32","NV","11-1011","Chief Executives","1500","13","1.258",,"83.04","172730","7.3","32.479999999999997","45.55","76.06","#","#","67560","94740","158200","#","#",,,"0.69","detailed",38.313515,-117.055374
"Nevada",5,"2013","32","NV","11-1011","Chief Executives","1050","10.8","0.90900000000000003",,"86.17","179230","3.7","37.549999999999997","55.19","84.07","#","#","78110","114800","174860","#","#",,,"0.48","detailed",38.313515,-117.055374
"Nevada",5,"2010","32","NV","11-1011","Chief Executives","750","10.4","0.66900000000000004","0.311","95.04","197670","4.4000000000000004","38.56","70.03","#","#","#","80210","145650","#","#","#",,,,,38.313515,-117.055374
"Nevada",5,"2015","32","NV","11-1011","Chief Executives","1480","9.8000000000000007","1.1970000000000001",,"86.24","179380","7.7","35.43","46.62","77.37","#","#","73690","96970","160930","#","#",,,"0.69","detailed",38.313515,-117.055374
"New Hampshire",5,"2011","33","NH","11-1011","Chief Executives","1750","3.9","2.8809999999999998",,"87.34","181680","2.1","41.08","55.04","82.81","#","#","85450","114480","172250","#","#",,,"1.38",,43.452492,-71.563896
"New Hampshire",5,"2016","33","NH","11-1011","Chief Executives","940","6.7","1.458",,"94.17","195870","4.0999999999999996","47.5","59.9","81.53","#","#","98800","124580","169570","#","#",,,"0.92","detailed",43.452492,-71.563896
"New Hampshire",5,"2013","33","NH","11-1011","Chief Executives","1220","4.2","1.97",,"88.92","184950","1.9","43.65","56.3","84.63","#","#","90800","117110","176020","#","#",,,"1.05","detailed",43.452492,-71.563896
"New Hampshire",5,"2012","33","NH","11-1011","Chief Executives","1490","3.7","2.4340000000000002",,"85.85","178560","1.8","41.8","54.44","80.14","#","#","86940","113230","166690","#","#",,,"1.24","detailed",43.452492,-71.563896
"New Hampshire",5,"2014","33","NH","11-1011","Chief Executives","1140","4.8","1.821",,"91.52","190370","2.7","43.27","57.72","88.43","#","#","90010","120070","183940","#","#",,,"1","detailed",43.452492,-71.563896
"New Hampshire",5,"2015","33","NH","11-1011","Chief Executives","1050","8.8000000000000007","1.647",,"88.52","184110","3.5","41.64","56.04","75.94","#","#","86600","116560","157950","#","#",,,"0.95","detailed",43.452492,-71.563896
"New Hampshire",5,"2010","33","NH","11-1011","Chief Executives","2270","4.3","3.758","1.746","83.54","173770","1.9","38.4","51.45","79.67","#","#","79870","107010","165710","#","#",,,,,43.452492,-71.563896
"New Jersey",5,"2016","34","NJ","11-1011","Chief Executives","700","8","0.17699999999999999",,"105.05","218500","4.9000000000000004","50.23","64.05","#","#","#","104470","133220","#","#","#",,,"0.11","detailed",40.298904,-74.521011
"New Jersey",5,"2013","34","NJ","11-1011","Chief Executives","1130","6.3","0.29499999999999998",,"95.07","197740","3.1","45.99","64.540000000000006","#","#","#","95650","134240","#","#","#",,,"0.16","detailed",40.298904,-74.521011
"New Jersey",5,"2015","34","NJ","11-1011","Chief Executives","760","8.9","0.19400000000000001",,"104.74","217850","4.9000000000000004","49.94","69.86","#","#","#","103870","145320","#","#","#",,,"0.11","detailed",40.298904,-74.521011
"New Jersey",5,"2011","34","NJ","11-1011","Chief Executives","1210","6.6","0.32100000000000001",,"94.88","197360","3.2","46.94","64.12","#","#","#","97640","133360","#","#","#",,,"0.15",,40.298904,-74.521011
"New Jersey",5,"2014","34","NJ","11-1011","Chief Executives","1010","7.6","0.26",,"95.61","198870","3.9","38.369999999999997","62.52","#","#","#","79820","130040","#","#","#",,,"0.14000000000000001","detailed",40.298904,-74.521011
"New Jersey",5,"2012","34","NJ","11-1011","Chief Executives","1230","6.8","0.32500000000000001",,"92.38","192160","2.9","43.44","61","#","#","#","90350","126870","#","#","#",,,"0.17","detailed",40.298904,-74.521011
"New Jersey",5,"2010","34","NJ","11-1011","Chief Executives","1150","6.9","0.30399999999999999","0.14099999999999999","89.15","185430","3.2","45.29","59.35","#","#","#","94210","123440","#","#","#",,,,,40.298904,-74.521011
"New Mexico",5,"2016","35","NM","11-1011","Chief Executives","70","24","8.8999999999999996E-2",,"*","*","*","*","*","*","*","*","*","*","*","*","*",,,"0.06","detailed",34.840515,-106.248482
"New Mexico",5,"2011","35","NM","11-1011","Chief Executives","90","22.3","0.12",,"*","*","*","*","*","*","*","*","*","*","*","*","*",,,"0.06",,34.840515,-106.248482
"New Mexico",5,"2015","35","NM","11-1011","Chief Executives","60","24.5","7.1999999999999995E-2",,"*","*","*","*","*","*","*","*","*","*","*","*","*",,,"0.04","detailed",34.840515,-106.248482
"New Mexico",5,"2012","35","NM","11-1011","Chief Executives","120","24.1","0.159",,"*","*","*","*","*","*","*","*","*","*","*","*","*",,,"0.08","detailed",34.840515,-106.248482
"New Mexico",5,"2010","35","NM","11-1011","Chief Executives","70","16.3","9.4E-2","4.3999999999999997E-2","103.77","215840","11.4","34.33","#","#","#","#","71420","#","#","#","#",,,,,34.840515,-106.248482
"New York",5,"2016","36","NY","11-1011","Chief Executives","15410","3.8","1.694",,"105.48","219410","2.4","48.69","65.55","#","#","#","101280","136350","#","#","#",,,"1.07","detailed",42.165726,-74.948051
"New York",5,"2014","36","NY","11-1011","Chief Executives","18570","3.9","2.1080000000000001",,"98.83","205560","2.7","47.92","65.400000000000006","#","#","#","99680","136030","#","#","#",,,"1.1599999999999999","detailed",42.165726,-74.948051
"New York",5,"2011","36","NY","11-1011","Chief Executives","18940","2.2000000000000002","2.2480000000000002",,"93.69","194870","1.2","46.39","60.14","#","#","#","96490","125100","#","#","#",,,"1.08",,42.165726,-74.948051
"New York",5,"2012","36","NY","11-1011","Chief Executives","18160","2","2.1259999999999999",,"93.91","195330","1","46.24","61.23","#","#","#","96180","127350","#","#","#",,,"1.08","detailed",42.165726,-74.948051
"New York",5,"2013","36","NY","11-1011","Chief Executives","18150","3.9","2.101",,"95.99","199650","2","47.49","63.63","#","#","#","98780","132350","#","#","#",,,"1.1200000000000001","detailed",42.165726,-74.948051
"New York",5,"2015","36","NY","11-1011","Chief Executives","17060","3.8","1.899",,"101.89","211940","1.7","49.08","65.209999999999994","#","#","#","102090","135630","#","#","#",,,"1.1000000000000001","detailed",42.165726,-74.948051
"New York",5,"2010","36","NY","11-1011","Chief Executives","19230","1.9","2.3039999999999998","1.071","91.91","191180","1.1000000000000001","45.21","59.57","#","#","#","94030","123900","#","#","#",,,,,42.165726,-74.948051
"North Carolina",5,"2013","37","NC","11-1011","Chief Executives","3730","2.9","0.94599999999999995",,"99.02","205970","1.7","52.28","71.290000000000006","#","#","#","108740","148280","#","#","#",,,"0.5","detailed",35.630066,-79.806419
"North Carolina",5,"2016","37","NC","11-1011","Chief Executives","4310","3.7","1.018",,"108.91","226540","1.8","53.32","74.33","#","#","#","110900","154600","#","#","#",,,"0.64","detailed",35.630066,-79.806419
"North Carolina",5,"2012","37","NC","11-1011","Chief Executives","3260","3.2","0.84099999999999997",,"96.34","200380","1.8","50.71","67.709999999999994","#","#","#","105470","140830","#","#","#",,,"0.43","detailed",35.630066,-79.806419
"North Carolina",5,"2011","37","NC","11-1011","Chief Executives","3170","2.4","0.83099999999999996",,"95.52","198690","2.1","50.86","68.52","#","#","#","105790","142520","#","#","#",,,"0.4",,35.630066,-79.806419
"North Carolina",5,"2014","37","NC","11-1011","Chief Executives","4180","3.8","1.0369999999999999",,"101.94","212030","2.2000000000000002","52.04","71.75","#","#","#","108240","149240","#","#","#",,,"0.56999999999999995","detailed",35.630066,-79.806419
"North Carolina",5,"2015","37","NC","11-1011","Chief Executives","4290","4","1.0389999999999999",,"105.99","220460","1.9","51.95","73.38","#","#","#","108060","152630","#","#","#",,,"0.6","detailed",35.630066,-79.806419
"North Carolina",5,"2010","37","NC","11-1011","Chief Executives","2850","2.7","0.75600000000000001","0.35099999999999998","92.74","192900","1.9","50.01","65.7","#","#","#","104010","136660","#","#","#",,,,,35.630066,-79.806419
"North Dakota",5,"2016","38","ND","11-1011","Chief Executives","920","7.7","2.165",,"78.900000000000006","164120","3.3","32.64","46.32","67.489999999999995","#","#","67880","96350","140370","#","#",,,"1.36","detailed",47.528912,-99.784012
"North Dakota",5,"2011","38","ND","11-1011","Chief Executives","1010","6.6","2.7210000000000001",,"65.58","136400","3.9","18.8","37.97","59.9","85.9","#","39090","78970","124600","178670","#",,,"1.31",,47.528912,-99.784012
"North Dakota",5,"2012","38","ND","11-1011","Chief Executives","1150","8.1999999999999993","2.855",,"71.67","149070","3.4","32.299999999999997","43.85","64.2","#","#","67180","91200","133530","#","#",,,"1.45","detailed",47.528912,-99.784012
"North Dakota",5,"2015","38","ND","11-1011","Chief Executives","1200","8.1","2.677",,"76.239999999999995","158580","4","33.25","44.6","65.290000000000006","#","#","69160","92770","135810","#","#",,,"1.55","detailed",47.528912,-99.784012
"North Dakota",5,"2013","38","ND","11-1011","Chief Executives","1200","6.3","2.8450000000000002",,"77.59","161380","3.5","36.020000000000003","47.19","68.7","#","#","74920","98160","142900","#","#",,,"1.52","detailed",47.528912,-99.784012
"North Dakota",5,"2010","38","ND","11-1011","Chief Executives","950","8.6999999999999993","2.6589999999999998","1.236","65.98","137230","4.7","18","37.19","60.27","#","#","37450","77340","125360","#","#",,,,,47.528912,-99.784012
"North Dakota",5,"2014","38","ND","11-1011","Chief Executives","1300","7.9","2.956",,"78.48","163230","4.0999999999999996","35.25","46.7","69.849999999999994","#","#","73320","97130","145280","#","#",,,"1.62","detailed",47.528912,-99.784012
"Ohio",5,"2014","39","OH","11-1011","Chief Executives","7210","2.7","1.385",,"88.29","183640","2.7","35.79","52.4","87.05","#","#","74440","108990","181070","#","#",,,"0.76","detailed",40.388783,-82.764915
"Ohio",5,"2010","39","OH","11-1011","Chief Executives","8200","2.2999999999999998","1.665","0.77400000000000002","83.52","173720","1.7","34.92","51.63","#","#","#","72630","107400","#","#","#",,,,,40.388783,-82.764915
"Ohio",5,"2011","39","OH","11-1011","Chief Executives","8440","2.2999999999999998","1.696",,"82.68","171980","2.9","26.94","48.1","79.97","#","#","56040","100040","166340","#","#",,,"0.81",,40.388783,-82.764915
"Ohio",5,"2016","39","OH","11-1011","Chief Executives","5340","2.8","1",,"94.87","197330","3.2","34.07","50.99","90.95","#","#","70860","106070","189170","#","#",,,"0.63","detailed",40.388783,-82.764915
"Ohio",5,"2015","39","OH","11-1011","Chief Executives","6170","3.2","1.1679999999999999",,"96.48","200680","2.1","40.590000000000003","58.11","#","#","#","84420","120870","#","#","#",,,"0.67","detailed",40.388783,-82.764915
"Ohio",5,"2012","39","OH","11-1011","Chief Executives","8310","2.2999999999999998","1.643",,"84.72","176230","1.8","30.8","51.01","82.46","#","#","64060","106100","171510","#","#",,,"0.84","detailed",40.388783,-82.764915
"Ohio",5,"2013","39","OH","11-1011","Chief Executives","7250","2.9","1.4139999999999999",,"90.66","188570","1.4","40.65","57.09","#","#","#","84540","118740","#","#","#",,,"0.75","detailed",40.388783,-82.764915
"Oklahoma",5,"2013","40","OK","11-1011","Chief Executives","5680","3.3","3.641",,"69.650000000000006","144880","1.6","25.53","39.47","59.44","#","#","53100","82100","123640","#","#",,,"1.94","detailed",35.565342,-96.928917
"Oklahoma",5,"2010","40","OK","11-1011","Chief Executives","5240","3","3.5339999999999998","1.6419999999999999","62.36","129710","1.6","24.39","36.770000000000003","52.23","#","#","50730","76490","108630","#","#",,,,,35.565342,-96.928917
"Oklahoma",5,"2011","40","OK","11-1011","Chief Executives","5130","2.9","3.4209999999999998",,"67.209999999999994","139800","1.9","27.26","39.729999999999997","57.2","88.38","#","56700","82640","118980","183830","#",,,"1.64",,35.565342,-96.928917
"Oklahoma",5,"2016","40","OK","11-1011","Chief Executives","6370","5","4.0129999999999999",,"74.81","155600","2.4","20.91","41.28","62.95","#","#","43480","85870","130940","#","#",,,"2.52","detailed",35.565342,-96.928917
"Oklahoma",5,"2012","40","OK","11-1011","Chief Executives","5370","2.6","3.5089999999999999",,"68.239999999999995","141940","1.8","26.29","39.200000000000003","58.05","#","#","54680","81530","120750","#","#",,,"1.79","detailed",35.565342,-96.928917
"Oklahoma",5,"2014","40","OK","11-1011","Chief Executives","5780","3.2","3.6669999999999998",,"73.680000000000007","153260","1.9","25.7","41.96","63.06","#","#","53460","87270","131160","#","#",,,"2.0099999999999998","detailed",35.565342,-96.928917
"Oklahoma",5,"2015","40","OK","11-1011","Chief Executives","7090","4.8","4.4379999999999997",,"72.790000000000006","151400","2.7","20.52","39.700000000000003","61.88","#","#","42690","82580","128710","#","#",,,"2.56","detailed",35.565342,-96.928917
"Oregon",5,"2012","41","OR","11-1011","Chief Executives","1980","4.4000000000000004","1.2290000000000001",,"94.56","196680","2.4","43.96","64.28","#","#","#","91430","133710","#","#","#",,,"0.63","detailed",44.572021,-122.070938
"Oregon",5,"2015","41","OR","11-1011","Chief Executives","2810","5.3","1.621",,"80.75","167950","4.4000000000000004","32.200000000000003","48.07","71.23","#","#","66970","100000","148160","#","#",,,"0.94","detailed",44.572021,-122.070938
"Oregon",5,"2010","41","OR","11-1011","Chief Executives","1750","6.6","1.1180000000000001","0.52","88.8","184700","3.9","38.71","59.62","#","#","#","80510","124010","#","#","#",,,,,44.572021,-122.070938
"Oregon",5,"2013","41","OR","11-1011","Chief Executives","2210","4.4000000000000004","1.3460000000000001",,"89.97","187140","2.2999999999999998","39.56","59.76","87.69","#","#","82270","124310","182390","#","#",,,"0.72","detailed",44.572021,-122.070938
"Oregon",5,"2011","41","OR","11-1011","Chief Executives","1920","6.8","1.212",,"95.11","197840","4","43.64","65.459999999999994","#","#","#","90780","136150","#","#","#",,,"0.57999999999999996",,44.572021,-122.070938
"Oregon",5,"2016","41","OR","11-1011","Chief Executives","2650","6","1.4810000000000001",,"87.35","181690","4.7","34.130000000000003","50.41","76.44","#","#","70990","104850","158990","#","#",,,"0.93","detailed",44.572021,-122.070938
"Oregon",5,"2014","41","OR","11-1011","Chief Executives","2650","5.6","1.575",,"85.57","177980","4","33.99","53.82","80.349999999999994","#","#","70700","111940","167130","#","#",,,"0.86","detailed",44.572021,-122.070938
"Pennsylvania",5,"2012","42","PA","11-1011","Chief Executives","12180","2","2.1760000000000002",,"85.47","177770","0.9","37.06","54.89","79.650000000000006","#","#","77090","114170","165660","#","#",,,"1.1100000000000001","detailed",40.590752,-77.209755
"Pennsylvania",5,"2013","42","PA","11-1011","Chief Executives","11010","2.9","1.9610000000000001",,"89.48","186130","1.3","39.22","58.46","87","#","#","81580","121600","180950","#","#",,,"1.04","detailed",40.590752,-77.209755
"Pennsylvania",5,"2011","42","PA","11-1011","Chief Executives","13190","2","2.3769999999999998",,"84.83","176440","1.1000000000000001","36.340000000000003","53.83","78.900000000000006","#","#","75590","111960","164110","#","#",,,"1.1399999999999999",,40.590752,-77.209755
"Pennsylvania",5,"2016","42","PA","11-1011","Chief Executives","9230","2.4","1.6060000000000001",,"100.07","208150","1.4","41.63","60.56","96.52","#","#","86580","125970","200750","#","#",,,"1.01","detailed",40.590752,-77.209755
"Pennsylvania",5,"2014","42","PA","11-1011","Chief Executives","11190","2.6","1.98",,"91.13","189550","1.4","38.93","58.25","89.36","#","#","80970","121170","185870","#","#",,,"1.0900000000000001","detailed",40.590752,-77.209755
"Pennsylvania",5,"2010","42","PA","11-1011","Chief Executives","15790","2","2.88","1.3380000000000001","80.7","167860","0.9","34.25","50.1","74.39","#","#","71250","104210","154730","#","#",,,,,40.590752,-77.209755
"Pennsylvania",5,"2015","42","PA","11-1011","Chief Executives","10190","2.5","1.7849999999999999",,"96.12","199920","1.4","41.3","60.73","#","#","#","85900","126330","#","#","#",,,"1.03","detailed",40.590752,-77.209755
"Rhode Island",5,"2012","44","RI","11-1011","Chief Executives","350","8.4","0.76500000000000001",,"96.5","200710","4.0999999999999996","56.66","67.989999999999995","#","#","#","117850","141420","#","#","#",,,"0.39","detailed",41.680893,-71.51178
"Rhode Island",5,"2015","44","RI","11-1011","Chief Executives","450","8.1","0.95699999999999996",,"103.5","215280","9","53.18","70.59","#","#","#","110610","146820","#","#","#",,,"0.55000000000000004","detailed",41.680893,-71.51178
"Rhode Island",5,"2013","44","RI","11-1011","Chief Executives","380","9.5","0.82199999999999995",,"100.6","209240","6.9","56.13","68.55","#","#","#","116750","142580","#","#","#",,,"0.44","detailed",41.680893,-71.51178
"Rhode Island",5,"2016","44","RI","11-1011","Chief Executives","390","6.7","0.81299999999999994",,"107.11","222790","5.6","51.19","70.040000000000006","#","#","#","106470","145680","#","#","#",,,"0.51","detailed",41.680893,-71.51178
"Rhode Island",5,"2011","44","RI","11-1011","Chief Executives","810","6.5","1.8049999999999999",,"92.06","191480","3.8","47.66","62.62","88.01","#","#","99130","130260","183050","#","#",,,"0.87",,41.680893,-71.51178
"Rhode Island",5,"2010","44","RI","11-1011","Chief Executives","1110","4.9000000000000004","2.4769999999999999","1.151","88.97","185060","2.7","46.03","59.12","#","#","#","95740","122970","#","#","#",,,,,41.680893,-71.51178
"Rhode Island",5,"2014","44","RI","11-1011","Chief Executives","410","7.4","0.88500000000000001",,"99.96","207910","9.3000000000000007","54.67","69.22","#","#","#","113720","143980","#","#","#",,,"0.49","detailed",41.680893,-71.51178
"South Carolina",5,"2011","45","SC","11-1011","Chief Executives","4920","2.2999999999999998","2.774",,"75.25","156530","3.2","17.88","43.27","69.459999999999994","#","#","37190","90010","144480","#","#",,,"1.33",,33.856892,-80.945007
"South Carolina",5,"2012","45","SC","11-1011","Chief Executives","4790","2.9","2.6669999999999998",,"75.489999999999995","157020","1.3","27.98","46.35","68.81","#","#","58200","96400","143120","#","#",,,"1.36","detailed",33.856892,-80.945007
"South Carolina",5,"2010","45","SC","11-1011","Chief Executives","4680","2.7","2.68","1.2450000000000001","80.63","167710","1.3","37.549999999999997","51.29","74.7","#","#","78110","106680","155380","#","#",,,,,33.856892,-80.945007
"South Carolina",5,"2014","45","SC","11-1011","Chief Executives","4410","3.9","2.3530000000000002",,"73.12","152090","2.1","17.84","43.86","67.34","#","#","37120","91220","140080","#","#",,,"1.29","detailed",33.856892,-80.945007
"South Carolina",5,"2013","45","SC","11-1011","Chief Executives","4560","3.4","2.4990000000000001",,"73.430000000000007","152730","1.8","22.35","43.74","67.930000000000007","#","#","46490","90990","141290","#","#",,,"1.33","detailed",33.856892,-80.945007
"South Carolina",5,"2016","45","SC","11-1011","Chief Executives","3400","4.3","1.716",,"80.33","167090","2","14.51","45.8","71.680000000000007","#","#","30170","95260","149090","#","#",,,"1.08","detailed",33.856892,-80.945007
"South Carolina",5,"2015","45","SC","11-1011","Chief Executives","3590","3.4","1.8640000000000001",,"76.56","159240","2.2000000000000002","13.55","43.08","69.849999999999994","#","#","28180","89610","145290","#","#",,,"1.08","detailed",33.856892,-80.945007
"South Dakota",5,"2016","46","SD","11-1011","Chief Executives","560","6.4","1.3340000000000001",,"116.45","242220","3.7","58.53","81.180000000000007","#","#","#","121740","168850","#","#","#",,,"0.84","detailed",44.299782,-99.438828
"South Dakota",5,"2011","46","SD","11-1011","Chief Executives","820","5.9","2.0910000000000002",,"68.31","142080","4.5999999999999996","16.559999999999999","20.02","63.07","#","#","34440","41640","131180","#","#",,,"1",,44.299782,-99.438828
"South Dakota",5,"2013","46","SD","11-1011","Chief Executives","860","5.3","2.129",,"80.39","167200","3.4","17.649999999999999","26.66","82.42","#","#","36700","55460","171430","#","#",,,"1.1299999999999999","detailed",44.299782,-99.438828
"South Dakota",5,"2010","46","SD","11-1011","Chief Executives","760","5.9","1.97","0.91500000000000004","64.260000000000005","133650","4.7","16.079999999999998","19.04","57.64","#","#","33440","39610","119890","#","#",,,,,44.299782,-99.438828
"South Dakota",5,"2014","46","SD","11-1011","Chief Executives","740","4.7","1.798",,"86.22","179330","3.6","18.7","49.9","87.76","#","#","38890","103790","182540","#","#",,,"0.99","detailed",44.299782,-99.438828
"South Dakota",5,"2012","46","SD","11-1011","Chief Executives","860","5.0999999999999996","2.1640000000000001",,"73.650000000000006","153190","3.9","17.010000000000002","21.51","71.69","#","#","35370","44740","149120","#","#",,,"1.1000000000000001","detailed",44.299782,-99.438828
"South Dakota",5,"2015","46","SD","11-1011","Chief Executives","630","9.6","1.518",,"97.76","203340","4.5","23.36","60.69","#","#","#","48590","126220","#","#","#",,,"0.88","detailed",44.299782,-99.438828
"Tennessee",5,"2012","47","TN","11-1011","Chief Executives","10520","2.4","3.9590000000000001",,"73.900000000000006","153720","1.1000000000000001","28.74","41.88","65.12","#","#","59780","87120","135440","#","#",,,"2.02","detailed",35.747845,-86.692345
"Tennessee",5,"2013","47","TN","11-1011","Chief Executives","7960","2.4","2.9470000000000001",,"75.510000000000005","157070","1.2","29.93","44.04","67.67","#","#","62250","91610","140750","#","#",,,"1.57","detailed",35.747845,-86.692345
"Tennessee",5,"2016","47","TN","11-1011","Chief Executives","5460","4.2","1.8879999999999999",,"76.88","159900","4","17.87","41.6","67.38","#","#","37170","86520","140140","#","#",,,"1.19","detailed",35.747845,-86.692345
"Tennessee",5,"2015","47","TN","11-1011","Chief Executives","6010","3.5","2.137",,"76.97","160110","2.7","24.57","42.45","69.12","#","#","51100","88300","143780","#","#",,,"1.23","detailed",35.747845,-86.692345
"Tennessee",5,"2010","47","TN","11-1011","Chief Executives","11050","2.9","4.2990000000000004","1.998","74.97","155940","1.3","29.55","41.93","67.39","#","#","61470","87210","140160","#","#",,,,,35.747845,-86.692345
"Tennessee",5,"2011","47","TN","11-1011","Chief Executives","12310","2.2000000000000002","4.7309999999999999",,"73.75","153400","1.7","28.39","40.799999999999997","64.41","#","#","59060","84870","133960","#","#",,,"2.27",,35.747845,-86.692345
"Tennessee",5,"2014","47","TN","11-1011","Chief Executives","5540","3.1","2.0139999999999998",,"76.02","158120","3","26.79","43.54","68.849999999999994","#","#","55730","90570","143210","#","#",,,"1.1100000000000001","detailed",35.747845,-86.692345
"Texas",5,"2012","48","TX","11-1011","Chief Executives","11360","2.4","1.0740000000000001",,"87.42","181830","1.1000000000000001","36.29","53.89","86.04","#","#","75490","112090","178950","#","#",,,"0.55000000000000004","detailed",31.054487,-97.563461
"Texas",5,"2011","48","TX","11-1011","Chief Executives","13250","2","1.286",,"85.85","178560","1.1000000000000001","36.35","53.43","82.89","#","#","75610","111140","172400","#","#",,,"0.62",,31.054487,-97.563461
"Texas",5,"2015","48","TX","11-1011","Chief Executives","6980","2.7","0.60399999999999998",,"97.69","203200","1.6","43.5","60.96","#","#","#","90480","126800","#","#","#",,,"0.35","detailed",31.054487,-97.563461
"Texas",5,"2013","48","TX","11-1011","Chief Executives","8540","2.4","0.78200000000000003",,"88.99","185090","1.1000000000000001","34.64","54.46","89.39","#","#","72050","113280","185930","#","#",,,"0.42","detailed",31.054487,-97.563461
"Texas",5,"2014","48","TX","11-1011","Chief Executives","7960","2.4","0.70899999999999996",,"91.34","189980","1.3","36.53","57.24","#","#","#","75990","119060","#","#","#",,,"0.39","detailed",31.054487,-97.563461
"Texas",5,"2016","48","TX","11-1011","Chief Executives","5890","3.2","0.502",,"105.23","218880","1.9","44.34","64.67","#","#","#","92230","134520","#","#","#",,,"0.32","detailed",31.054487,-97.563461
"Texas",5,"2010","48","TX","11-1011","Chief Executives","15000","2","1.4870000000000001","0.69099999999999995","84.08","174880","1","37.44","53.36","#","#","#","77880","110990","#","#","#",,,,,31.054487,-97.563461
"Utah",5,"2011","49","UT","11-1011","Chief Executives","2050","6.2","1.76",,"66.680000000000007","138690","5.3","8.91","39.450000000000003","59.56","#","#","18530","82050","123880","#","#",,,"0.84",,40.150032,-111.862434
"Utah",5,"2012","49","UT","11-1011","Chief Executives","2290","4.5","1.903",,"70.03","145670","2.8","14.31","41.97","63.98","#","#","29770","87290","133080","#","#",,,"0.97","detailed",40.150032,-111.862434
"Utah",5,"2016","49","UT","11-1011","Chief Executives","3650","4.8","2.6549999999999998",,"76.41","158930","3.6","9.02","41.67","64.209999999999994","#","#","18770","86680","133560","#","#",,,"1.67","detailed",40.150032,-111.862434
"Utah",5,"2014","49","UT","11-1011","Chief Executives","**","**","**",,"67.62","140650","4.7","25.23","40.74","58.14","#","#","52480","84740","120920","#","#",,,"**","detailed",40.150032,-111.862434
"Utah",5,"2015","49","UT","11-1011","Chief Executives","3770","3.9","2.847",,"71.28","148260","4","22.08","42.15","62.14","#","#","45920","87680","129260","#","#",,,"1.64","detailed",40.150032,-111.862434
"Utah",5,"2010","49","UT","11-1011","Chief Executives","2240","7","1.95","0.90600000000000003","62.88","130790","5.8","8.5500000000000007","35.71","56.06","#","#","17780","74280","116610","#","#",,,,,40.150032,-111.862434
"Utah",5,"2013","49","UT","11-1011","Chief Executives","2510","3.3","2.0209999999999999",,"73.89","153690","2.4","23.82","44.34","67.5","#","#","49550","92230","140400","#","#",,,"1.08","detailed",40.150032,-111.862434
"Vermont",5,"2016","50","VT","11-1011","Chief Executives","280","8.9","0.93100000000000005",,"92.83","193090","5.2","33.32","56.17","90.59","#","#","69310","116830","188430","#","#",,,"0.59","detailed",44.045876,-72.710686
"Vermont",5,"2011","50","VT","11-1011","Chief Executives","400","8.5","1.383",,"77","160170","4.0999999999999996","32.14","45.83","65.92","#","#","66850","95330","137100","#","#",,,"0.66",,44.045876,-72.710686
"Vermont",5,"2013","50","VT","11-1011","Chief Executives","350","6.3","1.1659999999999999",,"77.989999999999995","162210","3.4","33.39","45.35","67.81","#","#","69440","94340","141050","#","#",,,"0.62","detailed",44.045876,-72.710686
"Vermont",5,"2010","50","VT","11-1011","Chief Executives","510","7.5","1.778","0.82599999999999996","70.98","147640","3.4","29.09","39.729999999999997","61.52","#","#","60500","82630","127970","#","#",,,,,44.045876,-72.710686
"Vermont",5,"2014","50","VT","11-1011","Chief Executives","320","5.0999999999999996","1.0740000000000001",,"85.84","178540","3.6","36.4","49.53","82.52","#","#","75710","103010","171630","#","#",,,"0.59","detailed",44.045876,-72.710686
"Vermont",5,"2012","50","VT","11-1011","Chief Executives","380","7.3","1.284",,"77.349999999999994","160880","3.9","30.5","43.09","66.75","#","#","63440","89620","138840","#","#",,,"0.65","detailed",44.045876,-72.710686
"Vermont",5,"2015","50","VT","11-1011","Chief Executives","280","7.4","0.90700000000000003",,"91","189280","4.7","39.71","55.2","87.96","#","#","82590","114810","182950","#","#",,,"0.52","detailed",44.045876,-72.710686
"Virginia",5,"2012","51","VA","11-1011","Chief Executives","6810","2.7","1.893",,"92.77","192960","1.3","36.159999999999997","62.86","#","#","#","75210","130740","#","#","#",,,"0.96","detailed",37.769337,-78.169968
"Virginia",5,"2013","51","VA","11-1011","Chief Executives","6000","2.9","1.651",,"92.38","192140","1.4","29.98","61.81","#","#","#","62360","128560","#","#","#",,,"0.88","detailed",37.769337,-78.169968
"Virginia",5,"2016","51","VA","11-1011","Chief Executives","6320","4.0999999999999996","1.68",,"101.9","211950","2","30.67","66.3","#","#","#","63800","137900","#","#","#",,,"1.06","detailed",37.769337,-78.169968
"Virginia",5,"2015","51","VA","11-1011","Chief Executives","6030","5.3","1.6359999999999999",,"94.77","197120","2","14.29","60.72","#","#","#","29720","126310","#","#","#",,,"0.94","detailed",37.769337,-78.169968
"Virginia",5,"2010","51","VA","11-1011","Chief Executives","6430","2.8","1.8220000000000001","0.84699999999999998","90.74","188740","1.8","39.36","61.84","#","#","#","81870","128620","#","#","#",,,,,37.769337,-78.169968
"Virginia",5,"2011","51","VA","11-1011","Chief Executives","6620","2.6","1.8620000000000001",,"94.24","196010","1.6","39.950000000000003","65.39","#","#","#","83090","136000","#","#","#",,,"0.89",,37.769337,-78.169968
"Virginia",5,"2014","51","VA","11-1011","Chief Executives","6050","3.2","1.659",,"91.25","189800","1.6","13.97","60.71","#","#","#","29060","126270","#","#","#",,,"0.91","detailed",37.769337,-78.169968
"Washington",5,"2012","53","WA","11-1011","Chief Executives","3180","3.5","1.1499999999999999",,"91.72","190770","2.4","44.26","60.51","89.51","#","#","92050","125870","186170","#","#",,,"0.59","detailed",47.400902,-121.490494
"Washington",5,"2011","53","WA","11-1011","Chief Executives","3400","3.6","1.25",,"91.81","190970","2.7","48.1","62.47","87.35","#","#","100040","129940","181690","#","#",,,"0.6",,47.400902,-121.490494
"Washington",5,"2015","53","WA","11-1011","Chief Executives","5710","4.8","1.9119999999999999",,"90.86","188990","1.6","39.96","56.75","84.18","#","#","83110","118050","175090","#","#",,,"1.1000000000000001","detailed",47.400902,-121.490494
"Washington",5,"2013","53","WA","11-1011","Chief Executives","3490","3","1.234",,"92.75","192930","1.5","43.29","62.42","#","#","#","90040","129840","#","#","#",,,"0.66","detailed",47.400902,-121.490494
"Washington",5,"2014","53","WA","11-1011","Chief Executives","4160","3","1.4350000000000001",,"94.93","197450","1.9","44.31","60.95","#","#","#","92160","126770","#","#","#",,,"0.79","detailed",47.400902,-121.490494
"Washington",5,"2016","53","WA","11-1011","Chief Executives","5910","4.4000000000000004","1.9279999999999999",,"93.02","193480","1.6","40.880000000000003","58.23","85.1","#","#","85030","121110","177000","#","#",,,"1.21","detailed",47.400902,-121.490494
"Washington",5,"2010","53","WA","11-1011","Chief Executives","2950","3","1.0960000000000001","0.50900000000000001","92.53","192460","2.5","49.11","62.86","#","#","#","102150","130740","#","#","#",,,,,47.400902,-121.490494
"West Virginia",5,"2011","54","WV","11-1011","Chief Executives","1770","4.3","2.524",,"61.43","127760","3.5","19.54","31.85","48.56","86.75","#","40640","66250","101010","180450","#",,,"1.21",,38.491226,-80.954453
"West Virginia",5,"2012","54","WV","11-1011","Chief Executives","1790","4.5","2.5139999999999998",,"62.26","129510","2.9","22.55","32.590000000000003","47.51","88.45","#","46900","67780","98830","183970","#",,,"1.28","detailed",38.491226,-80.954453
"West Virginia",5,"2016","54","WV","11-1011","Chief Executives","980","6.7","1.41",,"64.790000000000006","134750","4.3","9.18","26.3","53.95","93.73","#","19090","54700","112210","194960","#",,,"0.89","detailed",38.491226,-80.954453
"West Virginia",5,"2014","54","WV","11-1011","Chief Executives","1550","5.7","2.1970000000000001",,"58.96","122640","3.3","19.98","31.13","46.43","78.62","#","41570","64750","96580","163530","#",,,"1.21","detailed",38.491226,-80.954453
"West Virginia",5,"2015","54","WV","11-1011","Chief Executives","1180","6.6","1.667",,"60.95","126780","4.3","9.42","30.78","49.05","83.87","#","19580","64020","102030","174450","#",,,"0.96","detailed",38.491226,-80.954453
"West Virginia",5,"2010","54","WV","11-1011","Chief Executives","1980","5","2.8769999999999998","1.337","58.45","121570","3.1","19.45","30.99","46.61","#","#","40460","64450","96940","#","#",,,,,38.491226,-80.954453
"West Virginia",5,"2013","54","WV","11-1011","Chief Executives","1840","4.4000000000000004","2.5939999999999999",,"61.9","128760","3.1","23.38","33.78","46.29","86.59","#","48620","70260","96280","180100","#",,,"1.38","detailed",38.491226,-80.954453
"Wisconsin",5,"2013","55","WI","11-1011","Chief Executives","5230","3.3","1.9330000000000001",,"83.23","173120","2.1","30.04","49.99","80.290000000000006","#","#","62480","103970","166990","#","#",,,"1.03","detailed",44.268543,-89.616508
"Wisconsin",5,"2011","55","WI","11-1011","Chief Executives","4710","2.7","1.782",,"87.18","181330","1.8","38.950000000000003","54.39","83.83","#","#","81010","113140","174360","#","#",,,"0.85",,44.268543,-89.616508
"Wisconsin",5,"2010","55","WI","11-1011","Chief Executives","4320","2.8","1.6539999999999999","0.76900000000000002","88.39","183850","1.4","42.25","57.7","#","#","#","87870","120020","#","#","#",,,,,44.268543,-89.616508
"Wisconsin",5,"2016","55","WI","11-1011","Chief Executives","3740","6","1.3340000000000001",,"70.3","146220","2.8","25.38","33.94","55.74","97.22","#","52790","70600","115930","202220","#",,,"0.84","detailed",44.268543,-89.616508
"Wisconsin",5,"2012","55","WI","11-1011","Chief Executives","5440","3.2","2.0369999999999999",,"86.84","180620","1.9","37.880000000000003","53.49","84.64","#","#","78780","111260","176050","#","#",,,"1.04","detailed",44.268543,-89.616508
"Wisconsin",5,"2014","55","WI","11-1011","Chief Executives","4400","3.8","1.613",,"79.81","166000","2.9","14.71","44.69","77.239999999999995","#","#","30600","92950","160670","#","#",,,"0.88","detailed",44.268543,-89.616508
"Wisconsin",5,"2015","55","WI","11-1011","Chief Executives","3390","4.9000000000000004","1.222",,"71.739999999999995","149220","3.2","13.3","34.729999999999997","62.29","#","#","27660","72250","129560","#","#",,,"0.71","detailed",44.268543,-89.616508
"Wyoming",5,"2011","56","WY","11-1011","Chief Executives","300","5.3","1.1060000000000001",,"67.67","140750","4.2","33.01","47.65","59.55","84.29","#","68650","99120","123860","175330","#",,,"0.53",,42.755966,-107.30249
"Wyoming",5,"2010","56","WY","11-1011","Chief Executives","290","5.9","1.06","0.49299999999999999","67.88","141190","3.4","36.479999999999997","50.81","61.52","#","#","75870","105690","127970","#","#",,,,,42.755966,-107.30249
"Wyoming",5,"2012","56","WY","11-1011","Chief Executives","270","7.5","0.95499999999999996",,"64.03","133190","4.3","30.66","42.7","56","81.3","#","63760","88810","116490","169100","#",,,"0.49","detailed",42.755966,-107.30249
"Wyoming",5,"2015","56","WY","11-1011","Chief Executives","160","8","0.55400000000000005",,"69.88","145360","4.2","36.75","51.94","64.540000000000006","82.5","#","76450","108030","134240","171590","#",,,"0.32","detailed",42.755966,-107.30249
"Wyoming",5,"2016","56","WY","11-1011","Chief Executives","160","8.4","0.56599999999999995",,"70.44","146520","4.2","37.520000000000003","52.22","63.28","85.34","#","78030","108610","131630","177520","#",,,"0.36","detailed",42.755966,-107.30249
"Wyoming",5,"2013","56","WY","11-1011","Chief Executives","200","7.7","0.71399999999999997",,"63.56","132210","4.5999999999999996","31.22","45.15","57.84","77.08","#","64940","93910","120310","160330","#",,,"0.38","detailed",42.755966,-107.30249
"Wyoming",5,"2014","56","WY","11-1011","Chief Executives","180","10.3","0.63700000000000001",,"65.41","136040","5.3","32.4","48.63","59.35","79.33","#","67400","101150","123450","165000","#",,,"0.35","detailed",42.755966,-107.30249
